epoch,time,train/box_loss,train/seg_loss,train/cls_loss,train/dfl_loss,metrics/precision(B),metrics/recall(B),metrics/mAP50(B),metrics/mAP50-95(B),metrics/precision(M),metrics/recall(M),metrics/mAP50(M),metrics/mAP50-95(M),val/box_loss,val/seg_loss,val/cls_loss,val/dfl_loss,lr/pg0,lr/pg1,lr/pg2
1,28.8669,1.84261,4.89895,4.59884,2.00273,0.28383,0.02837,0.00405,0.0012,0.18222,0.00438,0.00015,5e-05,3.32894,31.6669,41.8467,4.32559,0.0679064,0.000654971,0.000654971
2,40.4634,2.81485,6.0967,4.05645,2.64446,0.0001,0.00671,6e-05,1e-05,0.00011,0.00317,9e-05,1e-05,4.11566,267.468,inf,21.6845,0.0352332,0.0013151,0.0013151
3,52.2482,3.04102,5.7493,4.14222,2.90355,0,0,0,0,0,0,0,0,nan,nan,nan,nan,0.00255342,0.00196862,0.00196862
4,64.2611,3.25864,5.64195,4.21668,3.1148,0,0,0,0,0,0,0,0,nan,nan,nan,nan,0.0019703,0.0019703,0.0019703
5,75.1623,3.22862,5.3726,4.16311,3.12928,0,0,0,0,0,0,0,0,nan,nan,nan,nan,0.0019604,0.0019604,0.0019604
6,85.5973,3.22968,5.18089,4.05715,3.05823,0,0,0,0,0,0,0,0,nan,nan,nan,nan,0.0019505,0.0019505,0.0019505
7,95.9992,3.17242,5.27415,3.91979,3.07482,0,0,0,0,0,0,0,0,nan,nan,nan,nan,0.0019406,0.0019406,0.0019406
8,106.274,3.10962,5.18384,3.8814,3.02287,0,0,0,0,0,0,0,0,nan,nan,nan,nan,0.0019307,0.0019307,0.0019307
9,116.609,2.8949,5.13912,3.72333,2.95199,0,0,0,0,0,0,0,0,nan,nan,nan,nan,0.0019208,0.0019208,0.0019208
10,126.761,2.84509,5.07038,3.72435,2.92184,0,0,0,0,0,0,0,0,nan,nan,nan,nan,0.0019109,0.0019109,0.0019109
11,137.319,2.92377,5.05743,3.65329,2.9466,0.00121,0.00202,0.00027,0.00012,0,0,0,0,nan,nan,nan,nan,0.001901,0.001901,0.001901
12,147.761,2.79834,5.01508,3.66399,2.8522,0,0,0,0,0,0,0,0,nan,nan,nan,nan,0.0018911,0.0018911,0.0018911
13,158.372,2.86167,4.99444,3.69596,2.89821,0,0,0,0,1e-05,0.00216,1e-05,0,nan,nan,nan,nan,0.0018812,0.0018812,0.0018812
14,168.981,2.72965,5.07918,3.70664,2.84224,0.00055,0.00963,0.00029,3e-05,0.00021,0.00438,0.00011,1e-05,nan,nan,nan,nan,0.0018713,0.0018713,0.0018713
15,179.517,2.82843,5.13607,3.75899,2.82937,0.0005,0.01154,0.00035,0.00012,5e-05,0.00433,3e-05,1e-05,nan,nan,nan,nan,0.0018614,0.0018614,0.0018614
16,189.872,2.69306,5.07946,3.66382,2.80172,0.00124,0.03328,0.00077,0.00026,0.00018,0.01082,0.00012,2e-05,nan,nan,nan,nan,0.0018515,0.0018515,0.0018515
17,200.637,2.71845,5.046,3.69424,2.83196,0.00309,0.08492,0.0052,0.00131,0.00137,0.06736,0.00243,0.0005,nan,nan,nan,nan,0.0018416,0.0018416,0.0018416
18,212.085,2.75198,4.96886,3.66177,2.80256,0.00776,0.10499,0.00744,0.0012,0.001,0.05649,0.00274,0.00056,nan,nan,nan,nan,0.0018317,0.0018317,0.0018317
19,222.51,2.67792,4.9972,3.63386,2.74742,0.00776,0.10499,0.00744,0.0012,0.001,0.05649,0.00274,0.00056,nan,nan,nan,nan,0.0018218,0.0018218,0.0018218
20,233.063,2.55588,5.1755,3.58542,2.68683,0.00125,0.08291,0.00288,0.00063,0.00046,0.03575,0.001,0.00021,3.24075,7.24206,4.09345,3.3347,0.0018119,0.0018119,0.0018119
21,243.501,2.57253,5.02618,3.60714,2.72336,0.00329,0.13107,0.00571,0.00151,0.00158,0.04623,0.00199,0.00047,3.12093,9.45246,3.75,3.2409,0.001802,0.001802,0.001802
22,255.197,2.60967,5.00883,3.55231,2.66502,0.00153,0.0713,0.0041,0.001,0.00018,0.01299,0.00027,6e-05,nan,nan,nan,nan,0.0017921,0.0017921,0.0017921
23,265.686,2.53575,4.96044,3.54667,2.67402,0.00233,0.11709,0.00265,0.00088,0.00051,0.03276,0.00058,0.00015,3.17,5.29738,4.12232,3.26949,0.0017822,0.0017822,0.0017822
24,276.217,2.57847,4.95655,3.37876,2.61169,0.00276,0.11072,0.00271,0.00078,0.00054,0.02949,0.0004,9e-05,3.02718,5.36943,5.17761,3.20517,0.0017723,0.0017723,0.0017723
25,286.787,2.46614,4.98061,3.51919,2.61122,0.00385,0.14014,0.00823,0.00241,0.00049,0.03064,0.00046,0.00011,nan,nan,nan,nan,0.0017624,0.0017624,0.0017624
26,298.139,2.54978,4.90118,3.5266,2.6393,0.00374,0.15939,0.00662,0.00191,0.00056,0.03309,0.00045,0.00011,2.86088,5.31603,6.27298,3.24406,0.0017525,0.0017525,0.0017525
27,308.879,2.49331,4.94062,3.45171,2.62233,0.0036,0.15476,0.00388,0.00111,0.00047,0.01548,0.00029,8e-05,2.80735,5.39705,9.47838,3.0845,0.0017426,0.0017426,0.0017426
28,319.298,2.41715,4.92154,3.40524,2.59509,0.0036,0.15476,0.00388,0.00111,0.00047,0.01548,0.00029,8e-05,2.80735,5.39705,9.47838,3.0845,0.0017327,0.0017327,0.0017327
29,329.916,2.37359,4.84892,3.45147,2.56957,0.00375,0.13422,0.00329,0.0012,0.00083,0.02181,0.00067,0.00018,2.74913,5.35631,6.6777,3.02561,0.0017228,0.0017228,0.0017228
30,340.491,2.43657,4.91405,3.42174,2.57669,0.1887,0.08998,0.00729,0.00225,0.18552,0.03896,0.00208,0.00054,2.68449,5.22733,5.67847,2.98965,0.0017129,0.0017129,0.0017129
31,352.154,2.39078,4.87072,3.41901,2.56218,0.28754,0.051,0.0109,0.0032,0.27868,0.03102,0.00367,0.00096,2.59616,5.14965,5.12744,2.92063,0.001703,0.001703,0.001703
32,363.586,2.40732,4.90743,3.39085,2.52832,0.18771,0.06669,0.0073,0.00215,0.18462,0.0267,0.00219,0.00055,2.62778,5.12619,5.4695,2.92817,0.0016931,0.0016931,0.0016931
33,374.383,2.42344,4.89577,3.38058,2.58531,0.18652,0.07945,0.00562,0.00174,0.18425,0.03319,0.00138,0.00034,2.72065,5.03425,5.32174,2.99633,0.0016832,0.0016832,0.0016832
34,384.834,2.29661,4.85365,3.32584,2.49643,0.37192,0.05042,0.00867,0.00227,0.27492,0.02097,0.00138,0.00035,2.7675,4.99674,4.89693,3.05527,0.0016733,0.0016733,0.0016733
35,395.521,2.26914,4.91055,3.38252,2.48325,0.19756,0.05219,0.01183,0.00389,0.4583,0.00866,0.00181,0.00039,2.83936,5.00043,4.37729,3.09585,0.0016634,0.0016634,0.0016634
36,406.874,2.35828,4.78523,3.38737,2.50485,0.38452,0.05076,0.02428,0.00592,0.37214,0.01299,0.00787,0.00118,2.68568,5.02752,3.81853,2.96716,0.0016535,0.0016535,0.0016535
37,418.43,2.247,4.78381,3.2449,2.42811,0.38452,0.05076,0.02428,0.00592,0.37214,0.01299,0.00787,0.00118,2.68568,5.02752,3.81853,2.96716,0.0016436,0.0016436,0.0016436
38,430.089,2.31675,4.82844,3.30916,2.4608,0.38249,0.05763,0.02325,0.00615,0.37345,0.01732,0.00695,0.00128,2.64087,5.07781,3.68595,2.91814,0.0016337,0.0016337,0.0016337
39,441.694,2.40841,4.73769,3.33727,2.48614,0.38871,0.05316,0.03099,0.00871,0.38196,0.01082,0.00961,0.00231,2.67102,5.0346,3.80338,2.94662,0.0016238,0.0016238,0.0016238
40,452.97,2.31897,4.85867,3.33476,2.50261,0.32279,0.06493,0.02682,0.00746,0.28217,0.01732,0.00725,0.00148,2.64443,5.11551,3.64649,2.93435,0.0016139,0.0016139,0.0016139
41,463.59,2.20256,4.84091,3.26943,2.43253,0.21342,0.12669,0.03564,0.00981,0.19532,0.02092,0.00759,0.00129,2.59396,5.19234,3.60769,2.92438,0.001604,0.001604,0.001604
42,475.162,2.38648,4.78533,3.26194,2.48292,0.23462,0.08127,0.03603,0.00889,0.19335,0.02742,0.00745,0.00139,2.59947,5.08036,3.60233,2.92739,0.0015941,0.0015941,0.0015941
43,485.982,2.21591,4.75806,3.31214,2.42623,0.29314,0.06206,0.02546,0.00791,0.29523,0.02309,0.00801,0.00233,2.76135,5.16301,4.07709,3.01845,0.0015842,0.0015842,0.0015842
44,496.446,2.34886,4.73853,3.29792,2.47188,0.28842,0.06837,0.02337,0.00651,0.2866,0.01443,0.00679,0.00191,2.69235,5.17816,4.0202,2.94974,0.0015743,0.0015743,0.0015743
45,506.992,2.35307,4.6946,3.23051,2.4578,0.19943,0.06149,0.02113,0.00554,0.28788,0.01443,0.00593,0.00195,2.64481,5.05317,3.94958,2.93958,0.0015644,0.0015644,0.0015644
46,517.334,2.29761,4.70505,3.27774,2.41622,0.19943,0.06149,0.02113,0.00554,0.28788,0.01443,0.00593,0.00195,2.64481,5.05317,3.94958,2.93958,0.0015545,0.0015545,0.0015545
47,527.905,2.33819,4.75339,3.27369,2.44968,0.19816,0.07791,0.01786,0.00454,0.18761,0.01948,0.00313,0.00064,2.67651,5.07326,4.19056,2.96605,0.0015446,0.0015446,0.0015446
48,538.539,2.22367,4.73529,3.21882,2.40777,0.20771,0.06683,0.01981,0.00577,0.198,0.01587,0.00372,0.00098,2.59602,5.05195,3.65703,2.89056,0.0015347,0.0015347,0.0015347
49,549.074,2.23351,4.74826,3.17367,2.38613,0.13346,0.06675,0.02947,0.00735,0.09651,0.01515,0.00607,0.00112,2.5848,5.0386,3.53603,2.92801,0.0015248,0.0015248,0.0015248
50,559.567,2.25352,4.6992,3.32926,2.45908,0.02749,0.08477,0.02342,0.00669,0.00417,0.01948,0.004,0.00095,2.55488,5.00645,3.63813,2.87705,0.0015149,0.0015149,0.0015149
51,570.228,2.15381,4.82662,3.14978,2.38054,0.10711,0.09586,0.01882,0.00506,0.09465,0.01299,0.0029,0.00064,2.59773,5.09217,4.29685,2.91627,0.001505,0.001505,0.001505
52,580.683,2.26572,4.66868,3.16967,2.39808,0.20513,0.0798,0.02007,0.00592,0.18852,0.02165,0.0045,0.00112,2.60234,5.09748,4.47969,2.9428,0.0014951,0.0014951,0.0014951
53,591.275,2.20177,4.72923,3.15534,2.36757,0.2163,0.07242,0.02884,0.00842,0.28485,0.01599,0.00887,0.00248,2.52639,5.04382,4.01712,2.85825,0.0014852,0.0014852,0.0014852
54,601.892,2.30005,4.76485,3.13994,2.4012,0.32684,0.0539,0.02817,0.00754,0.3807,0.01732,0.00893,0.0024,2.60512,5.05688,4.27253,2.92869,0.0014753,0.0014753,0.0014753
55,612.508,2.27249,4.5866,3.18892,2.37815,0.32684,0.0539,0.02817,0.00754,0.3807,0.01732,0.00893,0.0024,2.60512,5.05688,4.27253,2.92869,0.0014654,0.0014654,0.0014654
56,623.028,2.24954,4.66654,3.20735,2.36492,0.2201,0.07182,0.02685,0.00693,0.195,0.02165,0.00773,0.00217,2.71173,5.08938,4.65354,3.03812,0.0014555,0.0014555,0.0014555
57,633.61,2.20394,4.70771,3.22247,2.39391,0.21198,0.11889,0.02833,0.0077,0.19301,0.03319,0.00557,0.00132,2.65864,5.10674,4.15537,2.94149,0.0014456,0.0014456,0.0014456
58,644.063,2.2189,4.61352,3.18508,2.3759,0.1282,0.09419,0.02633,0.00877,0.10218,0.03608,0.00541,0.00151,2.44744,5.14263,3.87887,2.7557,0.0014357,0.0014357,0.0014357
59,654.937,2.14415,4.75612,3.18296,2.36881,0.05182,0.08516,0.02733,0.00927,0.10781,0.03824,0.00887,0.00236,2.41673,5.04772,3.52925,2.75793,0.0014258,0.0014258,0.0014258
60,666.324,2.25046,4.64687,3.16931,2.41813,0.21104,0.08699,0.03071,0.01015,0.19823,0.03391,0.01228,0.00304,2.41279,4.96637,3.40702,2.74551,0.0014159,0.0014159,0.0014159
61,677.866,2.30516,4.66943,3.12766,2.36782,0.40715,0.07361,0.04165,0.01145,0.3794,0.03824,0.01795,0.0039,2.43749,4.95716,3.45544,2.77248,0.001406,0.001406,0.001406
62,689.271,2.10682,4.67851,3.20223,2.36147,0.42091,0.07009,0.03797,0.01218,0.39389,0.03535,0.01765,0.00437,2.45852,4.96599,3.56875,2.77237,0.0013961,0.0013961,0.0013961
63,700.936,2.17847,4.6785,3.06757,2.33859,0.30177,0.09193,0.02624,0.00725,0.29131,0.0303,0.00689,0.00156,2.56521,5.14307,4.0246,2.84603,0.0013862,0.0013862,0.0013862
64,711.563,2.19852,4.74454,3.14458,2.38107,0.30177,0.09193,0.02624,0.00725,0.29131,0.0303,0.00689,0.00156,2.56521,5.14307,4.0246,2.84603,0.0013763,0.0013763,0.0013763
65,722.129,2.23965,4.58908,3.01814,2.34439,0.38805,0.08539,0.02381,0.00679,0.56797,0.01371,0.00924,0.00279,2.63011,5.18651,4.20913,2.91578,0.0013664,0.0013664,0.0013664
66,732.596,2.24498,4.62285,3.14545,2.34947,0.39614,0.06673,0.02857,0.008,0.56793,0.01082,0.00973,0.00283,2.61457,5.07347,4.13809,2.89107,0.0013565,0.0013565,0.0013565
67,743.267,2.13925,4.71714,3.09177,2.32678,0.3228,0.067,0.03335,0.00937,0.39405,0.03608,0.01598,0.00374,2.53478,4.97361,3.76817,2.84339,0.0013466,0.0013466,0.0013466
68,753.811,2.11743,4.66989,3.09405,2.32982,0.03937,0.07892,0.03571,0.01145,0.02508,0.03968,0.01294,0.00362,2.47221,4.97917,3.81323,2.81426,0.0013367,0.0013367,0.0013367
69,764.688,2.12892,4.6322,3.10172,2.29646,0.04447,0.0793,0.0382,0.01209,0.121,0.0292,0.01322,0.00395,2.4913,4.98351,3.95014,2.81191,0.0013268,0.0013268,0.0013268
70,775.113,2.12702,4.72565,3.10668,2.30162,0.14338,0.11354,0.04246,0.01347,0.12123,0.04726,0.02106,0.00575,2.4376,4.89553,3.75916,2.72289,0.0013169,0.0013169,0.0013169
71,786.587,2.18816,4.6348,3.09671,2.30089,0.23858,0.1029,0.05093,0.01419,0.22271,0.057,0.0245,0.00633,2.41892,4.91902,3.52334,2.70068,0.001307,0.001307,0.001307
72,797.921,2.10807,4.58772,3.14486,2.3133,0.25849,0.11028,0.05341,0.01471,0.22633,0.05517,0.02597,0.0061,2.37421,4.91382,3.6058,2.65345,0.0012971,0.0012971,0.0012971
73,809.339,2.15097,4.52895,3.03521,2.32302,0.32358,0.07603,0.0543,0.01617,0.29761,0.04107,0.02404,0.00663,2.36218,4.89509,3.50937,2.65515,0.0012872,0.0012872,0.0012872
74,820.652,2.04735,4.61574,3.02714,2.26321,0.32358,0.07603,0.0543,0.01617,0.29761,0.04107,0.02404,0.00663,2.36218,4.89509,3.50937,2.65515,0.0012773,0.0012773,0.0012773
75,832.383,2.10622,4.62886,3.0732,2.3117,0.41744,0.07552,0.05315,0.01648,0.4088,0.05483,0.03342,0.00775,2.34949,4.86578,3.49552,2.64742,0.0012674,0.0012674,0.0012674
76,843.813,2.13253,4.52353,3.06784,2.30634,0.41785,0.05647,0.04975,0.01518,0.39916,0.04618,0.02851,0.00772,2.35901,4.94531,3.56719,2.63697,0.0012575,0.0012575,0.0012575
77,854.384,2.11283,4.64513,3.04831,2.30632,0.25689,0.14726,0.04742,0.01573,0.4781,0.03463,0.02582,0.00692,2.37536,4.95658,3.66941,2.6715,0.0012476,0.0012476,0.0012476
78,864.763,2.15938,4.70301,3.02817,2.30502,0.30775,0.12784,0.0523,0.01548,0.48776,0.03463,0.02871,0.00724,2.36183,4.92505,3.69297,2.67345,0.0012377,0.0012377,0.0012377
79,875.33,2.1469,4.63423,3.04715,2.3156,0.31054,0.11986,0.04994,0.01622,0.38887,0.03463,0.02465,0.00697,2.35129,4.86953,3.63474,2.63461,0.0012278,0.0012278,0.0012278
80,886.018,2.12031,4.64511,3.05322,2.30908,0.18929,0.10674,0.05402,0.01664,0.22773,0.04293,0.02217,0.0057,2.30886,4.81663,3.60689,2.60876,0.0012179,0.0012179,0.0012179
81,896.578,2.01642,4.51816,2.98958,2.21861,0.15099,0.10151,0.04126,0.0128,0.11886,0.04726,0.01376,0.00339,2.39965,4.86553,3.85655,2.69023,0.001208,0.001208,0.001208
82,907.109,2.03409,4.57175,2.96286,2.24784,0.15473,0.12109,0.04736,0.01494,0.12311,0.04863,0.01772,0.00455,2.44297,4.85133,3.81618,2.75218,0.0011981,0.0011981,0.0011981
83,917.728,2.1385,4.57226,3.01993,2.29252,0.15473,0.12109,0.04736,0.01494,0.12311,0.04863,0.01772,0.00455,2.44297,4.85133,3.81618,2.75218,0.0011882,0.0011882,0.0011882
84,928.245,2.22614,4.56489,3.11971,2.38393,0.15021,0.12436,0.05245,0.01644,0.13103,0.06321,0.0227,0.00603,2.48029,4.87354,3.9579,2.80858,0.0011783,0.0011783,0.0011783
85,938.988,2.05992,4.57441,3.03883,2.29719,0.14123,0.12394,0.05789,0.0184,0.12952,0.05821,0.02282,0.00622,2.4389,4.84886,3.94184,2.78494,0.0011684,0.0011684,0.0011684
86,950.407,2.03726,4.56513,2.92899,2.27322,0.14812,0.09806,0.04965,0.01465,0.14176,0.04732,0.02229,0.00472,2.49189,4.94348,4.12811,2.80516,0.0011585,0.0011585,0.0011585
87,960.976,2.11184,4.52822,2.93432,2.27246,0.32473,0.07882,0.0449,0.01488,0.28783,0.03463,0.01118,0.0028,2.50307,5.05921,3.63329,2.79758,0.0011486,0.0011486,0.0011486
88,971.451,2.04848,4.6214,2.94928,2.28072,0.40941,0.08127,0.04156,0.01501,0.56741,0.03175,0.01587,0.00335,2.5135,4.97317,3.51185,2.77484,0.0011387,0.0011387,0.0011387
89,981.886,2.02545,4.57161,2.88572,2.24092,0.70135,0.04289,0.04861,0.01556,0.66442,0.02092,0.01208,0.00296,nan,nan,nan,nan,0.0011288,0.0011288,0.0011288
90,992.355,2.03519,4.56366,2.94655,2.26421,0.33294,0.0944,0.04826,0.01554,0.28509,0.02309,0.0104,0.00271,2.51251,4.94294,3.49857,2.77058,0.0011189,0.0011189,0.0011189
91,1002.76,2.16869,4.61305,3.01424,2.31707,0.42768,0.09909,0.0509,0.01587,0.48153,0.02742,0.01805,0.00402,nan,nan,nan,nan,0.001109,0.001109,0.001109
92,1012.95,2.05607,4.57892,2.89555,2.22382,0.42768,0.09909,0.0509,0.01587,0.48153,0.02742,0.01805,0.00402,nan,nan,nan,nan,0.0010991,0.0010991,0.0010991
93,1023.34,1.99266,4.5023,3.05811,2.18424,0.35167,0.09274,0.0529,0.01478,0.30639,0.03247,0.0206,0.00544,nan,nan,nan,nan,0.0010892,0.0010892,0.0010892
94,1033.58,2.10341,4.46456,2.89209,2.18204,0.34062,0.08998,0.04874,0.01389,0.30068,0.03968,0.02163,0.00613,nan,nan,nan,nan,0.0010793,0.0010793,0.0010793
95,1044.01,2.05439,4.63112,2.93503,2.2357,0.34625,0.08596,0.04962,0.01452,0.30511,0.03535,0.02275,0.00659,nan,nan,nan,nan,0.0010694,0.0010694,0.0010694
96,1054.47,2.09729,4.54293,2.93732,2.26482,0.24992,0.09192,0.04216,0.01163,0.2094,0.03896,0.01796,0.00436,nan,nan,nan,nan,0.0010595,0.0010595,0.0010595
97,1064.89,2.0493,4.48212,2.91317,2.24016,0.249,0.10142,0.05437,0.01539,0.20412,0.03727,0.01991,0.0049,2.40688,4.90846,3.37633,2.72047,0.0010496,0.0010496,0.0010496
98,1075.23,2.04382,4.44974,2.90015,2.17681,0.25621,0.10462,0.06308,0.01812,0.29931,0.03535,0.02099,0.00543,2.34572,4.88771,3.44427,2.63226,0.0010397,0.0010397,0.0010397
99,1085.66,2.13427,4.48154,2.93222,2.25584,0.17349,0.10924,0.06279,0.02012,0.22431,0.03752,0.02633,0.00662,2.33655,4.88526,3.40108,2.61575,0.0010298,0.0010298,0.0010298
100,1097.06,2.1083,4.40799,2.86134,2.19849,0.19541,0.10046,0.05833,0.02052,0.15309,0.06182,0.02885,0.00676,2.36599,4.86222,3.44574,2.62145,0.0010199,0.0010199,0.0010199
101,1108.78,2.04965,4.51099,2.98065,2.22206,0.19541,0.10046,0.05833,0.02052,0.15309,0.06182,0.02885,0.00676,2.36599,4.86222,3.44574,2.62145,0.00101,0.00101,0.00101
102,1120.31,2.03142,4.46722,2.98489,2.22602,0.29732,0.10045,0.06714,0.02126,0.31241,0.05809,0.03168,0.00767,2.39495,4.84967,3.44035,2.66508,0.0010001,0.0010001,0.0010001
103,1131.98,2.12579,4.4534,2.94074,2.22463,0.19892,0.10785,0.06956,0.02377,0.22173,0.04473,0.03135,0.00846,2.34916,4.78514,3.4477,2.62477,0.0009902,0.0009902,0.0009902
104,1143.4,2.14269,4.57576,2.96181,2.2922,0.27344,0.11036,0.06998,0.02424,0.20363,0.05844,0.02958,0.00893,2.34101,4.75825,3.46451,2.62918,0.0009803,0.0009803,0.0009803
105,1155.08,1.99452,4.58337,2.92235,2.20384,0.2741,0.0938,0.0736,0.0232,0.23191,0.04545,0.03397,0.00926,2.36041,4.78703,3.54929,2.65506,0.0009704,0.0009704,0.0009704
106,1165.8,2.11752,4.3845,2.90231,2.24536,0.3497,0.0804,0.07101,0.01979,0.35539,0.0303,0.03341,0.00778,2.46986,4.89564,3.8768,2.75827,0.0009605,0.0009605,0.0009605
107,1176.54,2.04618,4.4976,2.9125,2.23935,0.16508,0.11634,0.06001,0.01654,0.33731,0.02814,0.02621,0.00707,2.55544,4.91405,4.60897,2.81587,0.0009506,0.0009506,0.0009506
108,1186.96,1.98668,4.4843,2.87183,2.18593,0.23585,0.09967,0.049,0.0133,0.22073,0.04545,0.02495,0.00634,2.59113,4.93788,5.18743,2.8678,0.0009407,0.0009407,0.0009407
109,1197.57,2.01678,4.46727,2.87657,2.19407,0.36038,0.1008,0.04795,0.01315,0.34112,0.03074,0.0265,0.00727,2.57997,5.00312,5.60246,2.87358,0.0009308,0.0009308,0.0009308
110,1208.01,2.00447,4.4676,2.80453,2.16485,0.36038,0.1008,0.04795,0.01315,0.34112,0.03074,0.0265,0.00727,2.57997,5.00312,5.60246,2.87358,0.0009209,0.0009209,0.0009209
111,1218.58,2.06267,4.52207,2.96715,2.22312,0.23426,0.09455,0.05179,0.01403,0.32403,0.02814,0.02313,0.00548,2.48307,4.84702,5.41582,2.77386,0.000911,0.000911,0.000911
112,1229.18,2.03915,4.4591,2.83685,2.18747,0.34363,0.08553,0.05531,0.01596,0.32271,0.02814,0.02422,0.00623,2.44002,4.80288,4.88758,2.7243,0.0009011,0.0009011,0.0009011
113,1239.78,2.06077,4.47762,2.94192,2.2349,0.37971,0.08614,0.06177,0.01885,0.59727,0.02814,0.02834,0.00753,2.40342,4.81051,5.58632,2.67344,0.0008912,0.0008912,0.0008912
114,1250.19,1.9775,4.51565,2.75681,2.16421,0.48668,0.0819,0.07041,0.0223,0.44494,0.03539,0.02963,0.00764,2.37023,4.79663,4.95493,2.62321,0.0008813,0.0008813,0.0008813
115,1260.78,1.96594,4.38529,2.82012,2.17801,0.45403,0.08978,0.08413,0.02764,0.42783,0.04646,0.03321,0.00903,2.34682,4.76442,3.76836,2.59847,0.0008714,0.0008714,0.0008714
116,1272.22,1.96872,4.50035,3.00017,2.17881,0.27078,0.10511,0.07753,0.0233,0.33711,0.04827,0.03196,0.00959,2.40524,4.77152,4.02199,2.65508,0.0008615,0.0008615,0.0008615
117,1282.99,2.00404,4.60083,2.82195,2.18915,0.17067,0.09487,0.07551,0.02342,0.2394,0.05368,0.03185,0.00908,2.38069,4.77546,3.65595,2.64507,0.0008516,0.0008516,0.0008516
118,1293.5,1.98207,4.50303,2.87654,2.18576,0.18653,0.09635,0.07638,0.02381,0.14325,0.04501,0.03196,0.00859,2.35849,4.8067,3.51908,2.63409,0.0008417,0.0008417,0.0008417
119,1304.01,1.95557,4.38667,2.74137,2.16021,0.18653,0.09635,0.07638,0.02381,0.14325,0.04501,0.03196,0.00859,2.35849,4.8067,3.51908,2.63409,0.0008318,0.0008318,0.0008318
120,1314.43,1.94645,4.47141,2.78564,2.15455,0.10824,0.1182,0.0714,0.02179,0.1402,0.04257,0.02749,0.00767,2.32988,4.77503,3.29277,2.62018,0.0008219,0.0008219,0.0008219
121,1325.05,1.9962,4.36184,2.83626,2.16433,0.18496,0.09972,0.06315,0.01974,0.13726,0.04582,0.02906,0.00807,2.38433,4.75079,3.5696,2.68074,0.000812,0.000812,0.000812
122,1335.69,2.09312,4.37286,2.78961,2.21981,0.2734,0.11144,0.06857,0.02141,0.21635,0.05519,0.02835,0.00863,2.4209,4.7149,3.68056,2.69855,0.0008021,0.0008021,0.0008021
123,1346.26,1.97445,4.36708,2.75991,2.15004,0.26205,0.11332,0.07189,0.02078,0.22064,0.07388,0.03254,0.01006,2.43799,4.68589,3.65817,2.72704,0.0007922,0.0007922,0.0007922
124,1356.7,1.99009,4.45105,2.85335,2.20923,0.274,0.12339,0.06982,0.02141,0.2175,0.05966,0.03396,0.01065,2.44084,4.70577,3.75293,2.73521,0.0007823,0.0007823,0.0007823
125,1367.33,2.02947,4.34614,2.87591,2.21301,0.27195,0.13935,0.06721,0.0215,0.21764,0.07273,0.03247,0.00959,2.44603,4.65377,3.66874,2.72459,0.0007724,0.0007724,0.0007724
126,1377.79,2.03029,4.38603,2.80154,2.1571,0.25666,0.11939,0.07048,0.02255,0.48708,0.0328,0.02666,0.00801,2.43613,4.64479,3.5608,2.7077,0.0007625,0.0007625,0.0007625
127,1388.5,2.03822,4.48274,2.79015,2.16931,0.43946,0.1131,0.0702,0.02299,0.59134,0.03463,0.02832,0.007,2.40481,4.67487,3.67455,2.69254,0.0007526,0.0007526,0.0007526
128,1399.16,1.9959,4.45035,2.8342,2.19404,0.43946,0.1131,0.0702,0.02299,0.59134,0.03463,0.02832,0.007,2.40481,4.67487,3.67455,2.69254,0.0007427,0.0007427,0.0007427
129,1409.81,1.91308,4.45627,2.82328,2.16858,0.56309,0.09976,0.07396,0.02376,0.59857,0.03463,0.02632,0.00681,2.39125,4.68093,3.67726,2.68365,0.0007328,0.0007328,0.0007328
130,1420.28,1.98281,4.4045,2.75897,2.19924,0.6596,0.08395,0.07906,0.027,0.59387,0.03463,0.02586,0.00682,2.33601,4.6841,3.49613,2.63061,0.0007229,0.0007229,0.0007229
131,1430.87,1.92211,4.34034,2.72325,2.10161,0.55038,0.09405,0.0689,0.0227,0.40329,0.04098,0.02324,0.00641,2.38528,4.67865,3.70863,2.69517,0.000713,0.000713,0.000713
132,1441.37,1.95918,4.30888,2.73898,2.13873,0.45306,0.08854,0.06588,0.02179,0.49932,0.03787,0.02421,0.00719,2.34483,4.66308,3.83611,2.64913,0.0007031,0.0007031,0.0007031
133,1452.18,1.99146,4.35358,2.7717,2.14953,0.36769,0.08519,0.07485,0.02543,0.51571,0.03781,0.03098,0.00914,2.28149,4.57384,3.60253,2.57723,0.0006932,0.0006932,0.0006932
134,1462.67,2.03884,4.42,2.72725,2.17341,0.45702,0.09215,0.07564,0.02484,0.5161,0.0368,0.03133,0.0089,2.25303,4.57605,3.58314,2.53442,0.0006833,0.0006833,0.0006833
135,1473.3,1.99962,4.43557,2.78803,2.15549,0.4713,0.08476,0.07239,0.0253,0.32132,0.06883,0.03409,0.00954,2.30485,4.6101,3.69425,2.57325,0.0006734,0.0006734,0.0006734
136,1483.82,1.92452,4.37995,2.69327,2.14846,0.38279,0.11711,0.07651,0.02624,0.44587,0.05108,0.03205,0.0083,2.28657,4.57931,3.46479,2.55851,0.0006635,0.0006635,0.0006635
137,1494.4,1.97284,4.36746,2.68467,2.09667,0.42394,0.10834,0.07976,0.02979,0.4267,0.04966,0.03122,0.00859,2.29624,4.59802,3.31999,2.55262,0.0006536,0.0006536,0.0006536
138,1505.96,1.91466,4.41592,2.82535,2.13987,0.42394,0.10834,0.07976,0.02979,0.4267,0.04966,0.03122,0.00859,2.29624,4.59802,3.31999,2.55262,0.0006437,0.0006437,0.0006437
139,1517.63,1.9149,4.37551,2.7666,2.15702,0.56272,0.08691,0.08165,0.02877,0.52377,0.0446,0.03024,0.00807,2.32631,4.65391,3.37061,2.5589,0.0006338,0.0006338,0.0006338
140,1528.12,1.96975,4.32468,2.74876,2.16997,0.5586,0.10544,0.08456,0.03147,0.50596,0.04329,0.03306,0.00875,2.3005,4.64766,3.55353,2.54995,0.0006239,0.0006239,0.0006239
141,1539.71,1.99919,4.31378,2.73603,2.18155,0.46201,0.1055,0.08209,0.02865,0.38781,0.05195,0.02551,0.0068,2.39137,4.68448,3.76004,2.62754,0.000614,0.000614,0.000614
142,1550.28,1.94065,4.32475,2.71926,2.1189,0.44588,0.11091,0.07257,0.02753,0.38951,0.05145,0.02207,0.00563,2.38934,4.6964,3.86505,2.62408,0.0006041,0.0006041,0.0006041
143,1561.08,1.89096,4.29445,2.72825,2.13432,0.33807,0.11246,0.06997,0.02446,0.29484,0.04779,0.02241,0.00615,2.42555,4.67006,3.87291,2.65654,0.0005942,0.0005942,0.0005942
144,1571.89,1.89811,4.28537,2.77303,2.12671,0.54269,0.07676,0.06449,0.02148,0.49853,0.03175,0.02433,0.00677,2.45901,4.63284,3.73752,2.69799,0.0005843,0.0005843,0.0005843
145,1582.54,1.94999,4.32435,2.71536,2.1539,0.35874,0.0908,0.06736,0.01934,0.42104,0.02958,0.02215,0.00645,2.48383,4.61308,3.60632,2.74427,0.0005744,0.0005744,0.0005744
146,1593.09,1.89992,4.3136,2.76556,2.13872,0.27203,0.09599,0.06642,0.02065,0.23094,0.03391,0.0242,0.00748,2.45824,4.59343,3.40089,2.692,0.0005645,0.0005645,0.0005645
147,1603.68,1.92285,4.34197,2.73858,2.0984,0.27203,0.09599,0.06642,0.02065,0.23094,0.03391,0.0242,0.00748,2.45824,4.59343,3.40089,2.692,0.0005546,0.0005546,0.0005546
148,1614.19,1.94165,4.27613,2.75077,2.12308,0.30139,0.11903,0.0744,0.02459,0.24526,0.05404,0.0325,0.00862,2.41593,4.53136,3.21147,2.64313,0.0005447,0.0005447,0.0005447
149,1625.01,1.91934,4.31645,2.65032,2.11424,0.31416,0.10834,0.08298,0.02703,0.25181,0.04582,0.03268,0.01008,2.38877,4.52282,3.13203,2.63863,0.0005348,0.0005348,0.0005348
150,1635.44,1.93726,4.36562,2.67324,2.1332,0.39745,0.10508,0.08363,0.0277,0.34771,0.04582,0.03563,0.00958,2.43172,4.55698,3.22928,2.66718,0.0005249,0.0005249,0.0005249
151,1646.08,1.94218,4.33718,2.60528,2.10373,0.41266,0.10853,0.0834,0.02861,0.22885,0.07698,0.03469,0.00988,2.41583,4.56584,3.27638,2.64118,0.000515,0.000515,0.000515
152,1656.66,2.00804,4.29466,2.64017,2.15389,0.37336,0.10331,0.08387,0.02983,0.22028,0.05772,0.03566,0.00996,2.34645,4.50152,3.25176,2.59267,0.0005051,0.0005051,0.0005051
153,1667.48,1.95337,4.20172,2.68648,2.12449,0.38101,0.10401,0.0849,0.03017,0.22399,0.07771,0.03543,0.01036,2.36948,4.5357,3.34788,2.58774,0.0004952,0.0004952,0.0004952
154,1679.02,1.93609,4.41334,2.66421,2.11571,0.26855,0.15753,0.08168,0.02991,0.24203,0.07157,0.03464,0.0102,2.39261,4.53294,3.40834,2.60335,0.0004853,0.0004853,0.0004853
155,1689.65,1.9702,4.26786,2.63765,2.14242,0.36756,0.13892,0.08021,0.02784,0.24279,0.07843,0.03012,0.00873,2.36856,4.56418,3.40312,2.59782,0.0004754,0.0004754,0.0004754
156,1700.74,1.89681,4.30709,2.73687,2.16389,0.36756,0.13892,0.08021,0.02784,0.24279,0.07843,0.03012,0.00873,2.36856,4.56418,3.40312,2.59782,0.0004655,0.0004655,0.0004655
157,1711.39,1.91181,4.26847,2.58434,2.09684,0.38136,0.132,0.08292,0.02884,0.23372,0.07958,0.03008,0.00803,2.33418,4.58044,3.34478,2.57513,0.0004556,0.0004556,0.0004556
158,1722.2,1.91909,4.23886,2.60023,2.09601,0.29003,0.17171,0.08944,0.03151,0.24175,0.08375,0.03146,0.00851,2.29032,4.57152,3.30052,2.55926,0.0004457,0.0004457,0.0004457
159,1733.12,1.9236,4.27906,2.72545,2.13571,0.28041,0.17907,0.09765,0.03554,0.22865,0.08146,0.03524,0.0103,2.33858,4.56841,3.4007,2.57472,0.0004358,0.0004358,0.0004358
160,1744.91,1.89872,4.28241,2.70377,2.10985,0.58642,0.09092,0.09814,0.03681,0.50446,0.03896,0.03947,0.01278,2.3217,4.50921,3.32538,2.55527,0.0004259,0.0004259,0.0004259
161,1756.58,1.88723,4.34788,2.61635,2.10567,0.4744,0.11284,0.09887,0.03336,0.30619,0.07843,0.03722,0.01305,2.36125,4.50831,3.53406,2.61346,0.000416,0.000416,0.000416
162,1767.17,1.8871,4.22912,2.65734,2.09391,0.55297,0.10729,0.09037,0.03233,0.30924,0.07626,0.03555,0.012,2.39796,4.53079,3.67938,2.64316,0.0004061,0.0004061,0.0004061
163,1778.02,1.91374,4.25018,2.65752,2.1392,0.39404,0.14269,0.08277,0.02815,0.31746,0.06544,0.03415,0.01048,2.40861,4.53562,3.64283,2.65982,0.0003962,0.0003962,0.0003962
164,1788.66,1.86616,4.24472,2.66457,2.10047,0.37796,0.15409,0.0833,0.0275,0.21366,0.07511,0.03291,0.01143,2.39297,4.53627,3.5668,2.64221,0.0003863,0.0003863,0.0003863
165,1799.57,1.82871,4.18154,2.61007,2.0622,0.37796,0.15409,0.0833,0.0275,0.21366,0.07511,0.03291,0.01143,2.39297,4.53627,3.5668,2.64221,0.0003764,0.0003764,0.0003764
166,1810.1,2.05593,4.20152,2.75504,2.20602,0.36829,0.15424,0.0815,0.0272,0.30773,0.05025,0.0374,0.0117,2.36847,4.51895,3.60543,2.61524,0.0003665,0.0003665,0.0003665
167,1820.81,1.87943,4.30834,2.6016,2.07856,0.37867,0.11355,0.08481,0.02778,0.3078,0.04978,0.03586,0.0111,2.34374,4.54508,3.62203,2.59607,0.0003566,0.0003566,0.0003566
168,1831.43,1.96109,4.22398,2.64415,2.15682,0.37751,0.11867,0.08592,0.02804,0.4201,0.03883,0.03342,0.01111,2.31449,4.54538,3.51734,2.54742,0.0003467,0.0003467,0.0003467
169,1842.15,1.89063,4.18908,2.52772,2.06955,0.38443,0.12778,0.09079,0.03033,0.51108,0.04978,0.04023,0.01315,2.29117,4.5467,3.59075,2.54244,0.0003368,0.0003368,0.0003368
170,1852.97,1.87684,4.20243,2.51827,2.07691,0.30287,0.12023,0.08742,0.03276,0.23321,0.05757,0.03612,0.01178,2.24639,4.5304,3.37025,2.5025,0.0003269,0.0003269,0.0003269
171,1863.78,1.87484,4.23668,2.6072,2.10189,0.27432,0.1498,0.09354,0.03514,0.23998,0.05139,0.03959,0.01201,2.21031,4.53909,3.27539,2.48783,0.000317,0.000317,0.000317
172,1874.25,1.86393,4.2475,2.58423,2.09308,0.2938,0.11858,0.09374,0.03504,0.25191,0.06047,0.04022,0.01261,2.22902,4.52988,3.32392,2.4997,0.0003071,0.0003071,0.0003071
173,1884.87,1.93376,4.25662,2.57931,2.08125,0.31805,0.10318,0.09539,0.03567,0.24114,0.06067,0.03945,0.01242,2.23431,4.53496,3.39663,2.51103,0.0002972,0.0002972,0.0002972
174,1895.33,1.90072,4.32553,2.57669,2.10827,0.31805,0.10318,0.09539,0.03567,0.24114,0.06067,0.03945,0.01242,2.23431,4.53496,3.39663,2.51103,0.0002873,0.0002873,0.0002873
175,1906.13,1.9423,4.27295,2.63381,2.14659,0.31658,0.10802,0.09883,0.03668,0.51744,0.03608,0.03857,0.01212,2.21707,4.54794,3.44153,2.49771,0.0002774,0.0002774,0.0002774
176,1916.82,1.8758,4.22811,2.61253,2.10203,0.35332,0.09381,0.09614,0.03468,0.2453,0.0404,0.03824,0.01165,2.26365,4.5489,3.57512,2.52046,0.0002675,0.0002675,0.0002675
177,1927.72,1.9179,4.15493,2.53632,2.10016,0.41743,0.10331,0.09906,0.03822,0.33138,0.04257,0.04164,0.01325,2.24889,4.52251,3.49135,2.53275,0.0002576,0.0002576,0.0002576
178,1939.16,1.88203,4.1571,2.55824,2.06323,0.41932,0.0973,0.09517,0.03674,0.33606,0.04573,0.04296,0.0133,2.27447,4.53625,3.61884,2.54685,0.0002477,0.0002477,0.0002477
179,1949.89,1.87112,4.25932,2.60471,2.07706,0.29488,0.14484,0.09309,0.03264,0.32755,0.04723,0.03508,0.01123,2.30161,4.54661,3.83379,2.56937,0.0002378,0.0002378,0.0002378
180,1960.65,1.83628,4.23446,2.64433,2.06384,0.26131,0.1276,0.09216,0.03536,0.23092,0.05216,0.03238,0.01056,2.27833,4.54509,3.53738,2.54237,0.0002279,0.0002279,0.0002279
181,1971.72,1.87233,4.1995,2.51105,2.0504,0.28919,0.13816,0.0969,0.0382,0.24948,0.06013,0.0342,0.01246,2.25321,4.5079,3.39792,2.51551,0.000218,0.000218,0.000218
182,1982.21,1.87876,4.31937,2.58392,2.07301,0.29985,0.12525,0.0951,0.03933,0.24599,0.05425,0.03508,0.01207,2.23356,4.49514,3.32437,2.50006,0.0002081,0.0002081,0.0002081
183,1992.86,1.83668,4.1126,2.51953,2.05806,0.29985,0.12525,0.0951,0.03933,0.24599,0.05425,0.03508,0.01207,2.23356,4.49514,3.32437,2.50006,0.0001982,0.0001982,0.0001982
184,2003.36,1.85823,4.16149,2.51382,2.0438,0.29563,0.14795,0.09855,0.03807,0.23627,0.05462,0.03769,0.01253,2.24547,4.47718,3.36613,2.5083,0.0001883,0.0001883,0.0001883
185,2014.24,1.79869,4.28415,2.5805,2.06156,0.29281,0.16103,0.09883,0.03834,0.23684,0.06447,0.03606,0.01273,2.23329,4.46916,3.30904,2.50627,0.0001784,0.0001784,0.0001784
186,2025.1,1.85187,4.16149,2.52173,2.05797,0.30391,0.14884,0.09834,0.03763,0.23414,0.0632,0.03672,0.01274,2.23656,4.49552,3.30387,2.48339,0.0001685,0.0001685,0.0001685
187,2035.96,1.83244,4.18303,2.51169,2.05262,0.32057,0.14817,0.0979,0.03632,0.25293,0.04605,0.03987,0.01225,2.22708,4.50085,3.41323,2.48712,0.0001586,0.0001586,0.0001586
188,2046.45,1.8236,4.15869,2.5298,2.07113,0.33016,0.14754,0.10265,0.03873,0.27151,0.05839,0.04345,0.01394,2.21707,4.47129,3.35736,2.48031,0.0001487,0.0001487,0.0001487
189,2058.02,1.78445,4.30127,2.53288,2.04838,0.32963,0.15257,0.09589,0.03465,0.27048,0.06611,0.0449,0.01361,2.25688,4.51503,3.49004,2.52617,0.0001388,0.0001388,0.0001388
190,2068.54,1.84595,4.24176,2.48134,2.0542,0.33039,0.14874,0.10119,0.03827,0.27782,0.06873,0.04535,0.01437,2.24502,4.49036,3.35793,2.50036,0.0001289,0.0001289,0.0001289
191,2082.94,1.90418,4.17723,2.69218,2.20233,0.30632,0.13499,0.10321,0.03736,0.24903,0.05651,0.03813,0.01253,2.23982,4.56745,3.39612,2.46802,0.000119,0.000119,0.000119
192,2093.99,1.95283,4.25212,2.68733,2.27589,0.30632,0.13499,0.10321,0.03736,0.24903,0.05651,0.03813,0.01253,2.23982,4.56745,3.39612,2.46802,0.0001091,0.0001091,0.0001091
193,2104.92,1.92073,4.2803,2.71739,2.23982,0.41172,0.12701,0.10473,0.03986,0.3371,0.0519,0.03775,0.01265,2.21108,4.58221,3.39783,2.43968,9.92e-05,9.92e-05,9.92e-05
194,2115.79,1.90471,4.22056,2.69122,2.25968,0.3024,0.14433,0.09953,0.03617,0.33046,0.05971,0.03814,0.01178,2.25013,4.57758,3.24458,2.46646,8.93e-05,8.93e-05,8.93e-05
195,2126.74,1.91165,4.17032,2.58492,2.23296,0.28428,0.1279,0.08775,0.0332,0.2344,0.06144,0.03686,0.0115,2.29472,4.60706,3.32719,2.50012,7.94e-05,7.94e-05,7.94e-05
196,2137.6,1.91277,4.20923,2.61516,2.21505,0.399,0.10976,0.09542,0.03674,0.22851,0.05899,0.03454,0.01207,2.26026,4.63677,3.30405,2.48393,6.95e-05,6.95e-05,6.95e-05
197,2148.82,1.88451,4.21003,2.66384,2.23333,0.38164,0.12859,0.08726,0.03241,0.32321,0.05305,0.0361,0.01132,2.28751,4.6253,3.28187,2.50609,5.96e-05,5.96e-05,5.96e-05
198,2159.59,1.93694,4.14332,2.64774,2.24476,0.19578,0.12539,0.09197,0.03426,0.24018,0.04834,0.03935,0.01243,2.24454,4.59058,3.20669,2.4782,4.97e-05,4.97e-05,4.97e-05
199,2170.54,1.89397,4.20557,2.59231,2.23306,0.2019,0.13167,0.09784,0.03488,0.23471,0.05103,0.03539,0.01161,2.26783,4.6227,3.19891,2.49051,3.98e-05,3.98e-05,3.98e-05
200,2181.48,1.87125,4.23529,2.60513,2.19301,0.29443,0.12597,0.10094,0.03988,0.23697,0.05969,0.03901,0.01284,2.19703,4.58582,3.0945,2.42784,2.99e-05,2.99e-05,2.99e-05
